Model,MAE,RMSE,R2
GradientBoosting,1.1372286269067369,1.4006268463818017,0.48147386234129697
RandomForest,1.1517902777777778,1.4330365063049781,0.457199463253503
LinearRegression,1.2572056110243772,1.545248825643416,0.3688645062834598
